CREATE DATABASE  IF NOT EXISTS `pd_david_orjuela_lovelace` /*!40100 DEFAULT CHARACTER SET utf8mb4 COLLATE utf8mb4_0900_ai_ci */ /*!80016 DEFAULT ENCRYPTION='N' */;
USE `pd_david_orjuela_lovelace`;
-- MySQL dump 10.13  Distrib 8.0.42, for Linux (x86_64)
--
-- Host: localhost    Database: pd_david_orjuela_lovelace
-- ------------------------------------------------------
-- Server version	8.0.42-0ubuntu0.24.04.2

/*!40101 SET @OLD_CHARACTER_SET_CLIENT=@@CHARACTER_SET_CLIENT */;
/*!40101 SET @OLD_CHARACTER_SET_RESULTS=@@CHARACTER_SET_RESULTS */;
/*!40101 SET @OLD_COLLATION_CONNECTION=@@COLLATION_CONNECTION */;
/*!50503 SET NAMES utf8 */;
/*!40103 SET @OLD_TIME_ZONE=@@TIME_ZONE */;
/*!40103 SET TIME_ZONE='+00:00' */;
/*!40014 SET @OLD_UNIQUE_CHECKS=@@UNIQUE_CHECKS, UNIQUE_CHECKS=0 */;
/*!40014 SET @OLD_FOREIGN_KEY_CHECKS=@@FOREIGN_KEY_CHECKS, FOREIGN_KEY_CHECKS=0 */;
/*!40101 SET @OLD_SQL_MODE=@@SQL_MODE, SQL_MODE='NO_AUTO_VALUE_ON_ZERO' */;
/*!40111 SET @OLD_SQL_NOTES=@@SQL_NOTES, SQL_NOTES=0 */;

--
-- Table structure for table `bills`
--

DROP TABLE IF EXISTS `bills`;
/*!40101 SET @saved_cs_client     = @@character_set_client */;
/*!50503 SET character_set_client = utf8mb4 */;
CREATE TABLE `bills` (
  `bill_number` varchar(10) NOT NULL,
  `bill_period` date DEFAULT NULL,
  `bill_amount` decimal(10,2) NOT NULL,
  `client_id` int DEFAULT NULL,
  PRIMARY KEY (`bill_number`),
  KEY `client_id` (`client_id`),
  CONSTRAINT `bills_ibfk_1` FOREIGN KEY (`client_id`) REFERENCES `clients` (`identification_number`) ON DELETE CASCADE ON UPDATE CASCADE
) ENGINE=InnoDB DEFAULT CHARSET=utf8mb4 COLLATE=utf8mb4_0900_ai_ci;
/*!40101 SET character_set_client = @saved_cs_client */;

--
-- Dumping data for table `bills`
--

LOCK TABLES `bills` WRITE;
/*!40000 ALTER TABLE `bills` DISABLE KEYS */;
INSERT INTO `bills` VALUES ('FAC1190','2024-07-01',40302.00,969677194),('FAC1208','2024-07-01',97457.00,857630459),('FAC1309','2024-06-01',153404.00,625774276),('FAC1328','2024-07-01',159093.00,92651576),('FAC1330','2024-06-01',165021.00,394523505),('FAC1462','2024-07-01',30813.00,636808209),('FAC1490','2024-07-01',104241.00,599800533),('FAC1513','2024-06-01',39792.00,861461933),('FAC1691','2024-07-01',17870.00,724330039),('FAC1760','2024-07-01',43148.00,499561637),('FAC1856','2024-06-01',45733.00,520971718),('FAC1904','2024-06-01',107189.00,867865303),('FAC1926','2024-06-01',116488.00,667230218),('FAC2139','2024-07-01',197548.00,696962875),('FAC2187','2024-07-01',186218.00,494808313),('FAC2190','2024-07-01',33428.00,243553915),('FAC2238','2024-06-01',129980.00,11426912),('FAC2382','2024-06-01',37708.00,623072602),('FAC2512','2024-07-01',153659.00,892962448),('FAC2909','2024-06-01',57259.00,830210363),('FAC3039','2024-07-01',88189.00,61660425),('FAC3104','2024-07-01',114319.00,87147005),('FAC3395','2024-06-01',102468.00,179287266),('FAC3529','2024-06-01',51911.00,696739719),('FAC3589','2024-06-01',163283.00,401149568),('FAC3660','2024-06-01',55572.00,291010345),('FAC3709','2024-06-01',179739.00,603449840),('FAC3888','2024-07-01',80735.00,708960117),('FAC3914','2024-06-01',106611.00,917844640),('FAC4082','2024-07-01',196509.00,325603096),('FAC4264','2024-07-01',27833.00,796337665),('FAC4305','2024-06-01',153650.00,622536043),('FAC4348','2024-07-01',124048.00,79987146),('FAC4380','2024-06-01',62979.00,965030358),('FAC4679','2024-07-01',110754.00,265881315),('FAC4680','2024-06-01',22294.00,643387222),('FAC4870','2024-07-01',196275.00,307805784),('FAC4962','2024-06-01',90456.00,573712035),('FAC5128','2024-06-01',37472.00,644042817),('FAC5210','2024-06-01',161137.00,260613460),('FAC5322','2024-06-01',20824.00,484837788),('FAC5390','2024-06-01',79808.00,779362405),('FAC5439','2024-06-01',41300.00,492953650),('FAC5492','2024-07-01',145586.00,204909440),('FAC5649','2024-06-01',102093.00,326481119),('FAC5678','2024-07-01',100426.00,785949232),('FAC5707','2024-06-01',179217.00,112231541),('FAC5756','2024-06-01',69026.00,819212515),('FAC6022','2024-07-01',54969.00,729577216),('FAC6122','2024-07-01',22161.00,778029406),('FAC6207','2024-07-01',75801.00,7005498),('FAC6223','2024-06-01',179265.00,717643055),('FAC6381','2024-07-01',134884.00,975617669),('FAC6577','2024-06-01',76145.00,475925688),('FAC6585','2024-07-01',163925.00,241114561),('FAC6693','2024-07-01',142010.00,319413369),('FAC6979','2024-06-01',42157.00,174039328),('FAC7018','2024-06-01',158030.00,325459789),('FAC7068','2024-06-01',39940.00,149186547),('FAC7110','2024-06-01',158138.00,626043010),('FAC7188','2024-07-01',52267.00,708283326),('FAC7289','2024-06-01',157011.00,959234562),('FAC7378','2024-07-01',58242.00,181982363),('FAC7474','2024-07-01',32072.00,519768710),('FAC7475','2024-06-01',87244.00,893866597),('FAC7503','2024-07-01',23411.00,355813998),('FAC7521','2024-07-01',61920.00,311310607),('FAC7543','2024-06-01',26817.00,800125157),('FAC7545','2024-07-01',160000.00,315164793),('FAC7561','2024-06-01',11359.00,118434130),('FAC7570','2024-06-01',17171.00,357901640),('FAC7850','2024-07-01',68367.00,527088924),('FAC7938','2024-07-01',167924.00,25832528),('FAC7964','2024-07-01',147864.00,268619593),('FAC7986','2024-06-01',128381.00,689720635),('FAC8010','2024-06-01',193307.00,215716832),('FAC8025','2024-07-01',14710.00,569906245),('FAC8033','2024-06-01',35669.00,511962082),('FAC8107','2024-07-01',58585.00,196811583),('FAC8140','2024-06-01',175018.00,724488250),('FAC8510','2024-07-01',98069.00,30122773),('FAC8571','2024-07-01',29482.00,569390187),('FAC8649','2024-06-01',147991.00,97866586),('FAC8663','2024-07-01',191634.00,962795476),('FAC8740','2024-06-01',127084.00,565067343),('FAC8752','2024-06-01',93635.00,896950954),('FAC8801','2024-07-01',165402.00,56103750),('FAC8875','2024-06-01',142787.00,843106189),('FAC8943','2024-06-01',49512.00,328037408),('FAC9210','2024-06-01',163844.00,71585472),('FAC9278','2024-06-01',166287.00,444056964),('FAC9310','2024-07-01',115066.00,763963140),('FAC9358','2024-06-01',87402.00,747822485),('FAC9524','2024-06-01',161529.00,594590875),('FAC9573','2024-06-01',51213.00,915064128),('FAC9634','2024-06-01',78561.00,355405632),('FAC9699','2024-07-01',94554.00,505327194),('FAC9872','2024-06-01',191436.00,333387701),('FAC9905','2024-07-01',138162.00,520620439);
/*!40000 ALTER TABLE `bills` ENABLE KEYS */;
UNLOCK TABLES;

--
-- Table structure for table `clients`
--

DROP TABLE IF EXISTS `clients`;
/*!40101 SET @saved_cs_client     = @@character_set_client */;
/*!50503 SET character_set_client = utf8mb4 */;
CREATE TABLE `clients` (
  `identification_number` int NOT NULL,
  `client_full_name` varchar(100) NOT NULL,
  `phone` varchar(60) NOT NULL,
  `email` varchar(150) NOT NULL,
  `first_address` varchar(150) NOT NULL,
  `second_address` varchar(150) DEFAULT NULL,
  PRIMARY KEY (`identification_number`),
  UNIQUE KEY `email` (`email`)
) ENGINE=InnoDB DEFAULT CHARSET=utf8mb4 COLLATE=utf8mb4_0900_ai_ci;
/*!40101 SET character_set_client = @saved_cs_client */;

--
-- Dumping data for table `clients`
--

LOCK TABLES `clients` WRITE;
/*!40000 ALTER TABLE `clients` DISABLE KEYS */;
INSERT INTO `clients` VALUES (7005498,'Ashley Adams','(224)273-1751x2329','elambert@cook.info','660 Marcus Camp Suite 262','Port Stevenmouth, NC 10819'),(11426912,'Chad Garcia','(530)211-7419','john27@schaefer.com','195 Rollins Land Suite 478','North Angelastad, IN 84674'),(25832528,'Julia Davis','674-440-7862','barkerbrent@berg-dougherty.com','0246 Brown Roads Suite 606','North Luisburgh, WI 38462'),(30122773,'Sean Hood','+1-348-069-6954x792','cynthiaevans@hernandez.com','7426 Middleton Hill Suite 303','Millerview, CO 23232'),(56103750,'Joshua Delgado','101-802-6501x00181','greenbrandon@gmail.com','741 Morgan Underpass','South Sheila, IL 16740'),(61660425,'Kyle Martinez','676-110-6562x32575','haleronald@vargas-hernandez.info','USS Greene','FPO AA 26511'),(64271785,'Tammy Jacobs','227.597.0062','scottroger@gmail.com','57458 Collier Junctions Suite 288','Lake Nicholas, CT 00530'),(71585472,'Pamela Herrera','539.557.9029','cardenasthomas@yahoo.com','3416 Gregory Rapids Suite 629','North Nicolehaven, IL 93329'),(79987146,'Julie Dunn','883-656-1878x6532','melissawebb@gmail.com','758 Ruth Mall','Briggstown, MA 48538'),(87147005,'Terry Watson','(426)053-2668','kaiserwilliam@hotmail.com','0047 Lori Square','East Josechester, KS 29146'),(92651576,'Katherine Dunn','6081126986','golson@davis.info','837 Schneider Spur Suite 656','Darrellmouth, WI 33323'),(97866586,'Amy Woods','2338512573','paul38@byrd.info','247 Sheila Centers','North Troybury, WA 43836'),(112231541,'Jennifer Phelps','248.695.2117','echristian@hotmail.com','392 Smith Corners Apt. 737','East Angeltown, MO 64086'),(118434130,'Marcia Randolph','508.559.9292','huntrussell@smith.com','327 Roberts Neck','Gonzalezshire, WA 18952'),(149186547,'Angel Daniel','(873)222-2692x09480','rmiller@boyer.com','USNS Davis','FPO AP 78518'),(174039328,'Autumn Webb','907-357-6151x4325','davidreed@hotmail.com','198 Frazier Branch Suite 399','South Sharon, AR 75490'),(179287266,'Ryan Harrison','001-320-723-6362x5909','carrie64@hotmail.com','66252 Trevor Harbor Apt. 887','Lake Ambertown, TN 81820'),(181982363,'Robert Hicks','(335)290-8992','powelllarry@hotmail.com','1639 Delacruz Park','East Linda, DC 18242'),(196811583,'Kimberly Bennett','(083)724-9058x016','smithmichelle@gmail.com','70851 Daniel Station Apt. 975','Hernandezton, IL 77476'),(204909440,'Jason Pace','001-517-371-6236x2223','tjohnson@yahoo.com','19964 Edwards Pines','South Jeremystad, AZ 79080'),(215716832,'Janice Alexander','+1-411-073-0697x704','matthew55@leach-blackburn.com','81268 Hamilton Fort','Fitzgeraldfort, ID 71489'),(241114561,'Gregory Anderson','+1-282-173-3048x555','julie98@cortez.com','5395 Brandon Freeway Apt. 858','North Melissa, OR 60184'),(243553915,'Eric Klein','9179003714','acostajoshua@hotmail.com','0571 Carroll Cliffs','Davisstad, WI 00721'),(260613460,'Jennifer Mendoza','203-605-2009x1103','susanchapman@gmail.com','11916 Katherine Creek','Kathleenport, ND 68479'),(265881315,'Jenna Scott','404-358-1223x371','rogerseric@hotmail.com','Unit 1694 Box 1865','DPO AE 26667'),(268619593,'Richard Lopez','+1-418-560-8033x44588','justinallen@quinn.info','6875 Hill Forks','Teresaland, AL 58910'),(291010345,'Robert Rodriguez','562-175-6225x4306','steven70@gmail.com','9483 Patricia Greens Suite 612','West Daniel, CT 37484'),(307805784,'Madison Jones','149.766.5747','wattsdavid@morgan-wheeler.com','USNS Ferguson','FPO AP 50263'),(311310607,'Louis Gilbert','461.203.7672x451','pgreene@hotmail.com','530 Brown Corner','Thompsontown, WV 70738'),(315164793,'Morgan Leon','001-853-081-5933x565','miranda94@yahoo.com','853 Virginia Cape Suite 757','Wilsonport, SC 89614'),(319413369,'Marcus Martin','+1-071-678-3536x79738','jamesjenkins@harmon-randall.com','PSC 6227, Box 1600','APO AP 14578'),(325459789,'Robert Smith','001-595-596-1706x9253','smithtimothy@wallace.com','Unit 2774 Box 4368','DPO AE 01041'),(325603096,'Jonathan Smith','796.397.5185x7448','debragriffin@hotmail.com','322 Smith Pines Suite 052','Lake Scotthaven, NM 11543'),(326481119,'Brandon Hester','836.687.2362x166','huertatracie@yahoo.com','0169 Summers Vista','West Stuart, UT 98685'),(328037408,'Kim Russell','001-136-251-3102x24346','cindy11@wood.com','887 Kelley Walk Apt. 960','East Martha, CT 59649'),(333387701,'Sarah Thompson','+1-444-121-3206x307','williamchavez@yahoo.com','Unit 0218 Box 2805','DPO AA 08015'),(355405632,'Sarah Martin','406-810-6283','earllee@gmail.com','5963 Strong Points','Lake Kayla, SC 51830'),(355813998,'Connor Wagner','0195959907','haley03@boyd-harris.com','506 Brandy Rapid','Dawsonberg, RI 42470'),(357901640,'Michael Evans','6777129275','steven80@yahoo.com','921 Ramirez Mount','New Anthonyville, ND 52047'),(394523505,'Gregory Howell','213-496-7129x11054','david12@young.org','036 Tyler Groves Suite 302','Danielsfurt, WV 45483'),(401149568,'Andrew Johns','894-499-5852x2479','lorinelson@hotmail.com','62457 Booth Mews Apt. 453','Lake Vincentport, DE 49208'),(444056964,'Mark Ford','+1-407-009-2402','millerricardo@hotmail.com','07900 Friedman Ferry Suite 170','South Christina, WV 53142'),(475925688,'Matthew Wilson','(264)225-7425','matthew15@ramirez.com','42023 Barrett Path Suite 281','Jeremyborough, OH 72889'),(484837788,'Tracy Simmons','0383343588','bryan30@williams.com','76775 Jennifer Orchard Apt. 758','Port Lance, NH 53890'),(492953650,'Carol Lawson','783.291.2840','joneskelsey@hotmail.com','747 Miller Point','Georgeton, UT 90920'),(494808313,'Rebecca Avila','773.248.1617','pwilson@sanchez.com','78969 Mcguire Springs Suite 562','Port Christopher, NJ 29478'),(499561637,'Bill Hopkins','288-662-8572','briannaweeks@gmail.com','54675 Matthew Key','Torresstad, ME 64087'),(505327194,'Fernando Hunt','5863279231','abigailkelly@johnson.net','9609 Conner Track Apt. 859','Kristenberg, MD 40765'),(511962082,'Rachel Fisher','650-424-8808','bgarcia@johnson.org','38507 Newman Loop Suite 268','Tommyberg, UT 25108'),(519768710,'Angelica Gibbs','+1-378-867-9488x99135','yarnold@smith-bruce.com','68574 Coleman Villages Suite 522','North Erikaton, CA 83413'),(520620439,'Nicole Mcdonald','+1-692-758-5774x3951','frederickmarshall@evans.biz','7229 Michelle Forges Suite 411','Hardyview, VT 06858'),(520971718,'Briana Wu','(177)732-3856x95766','rachelsmith@frey.com','534 Campbell View','Sandersland, FL 59798'),(527088924,'Jorge Thomas','921-668-1704x3013','jason19@yahoo.com','013 Tabitha Cliff','Stevenmouth, NJ 04089'),(565067343,'Elizabeth Singleton','173.672.3805','jeffreyhahn@dawson-myers.biz','87020 Horton Valleys','Rodriguezfurt, WV 03348'),(569390187,'Jasmine Kelly','843-277-1394','fitzgeraldelizabeth@yahoo.com','697 Reynolds Dam Apt. 423','Jacobland, MO 89387'),(569906245,'David Webb','993.305.1410','stevenrodriguez@gmail.com','3613 Laura Ridges Suite 762','South Theresa, VA 98493'),(573712035,'Heather Collins','+1-960-564-8502x177','thomashansen@hotmail.com','7878 Nelson Stravenue','New Jacob, NE 62801'),(594590875,'Stephanie Acosta','001-365-629-8075x05840','joshuahenderson@pierce-ramos.com','7067 Henderson Knoll','Joshuashire, NJ 84213'),(599800533,'Mariah Jackson','(382)120-4674','eperry@wilson.com','558 Bryan Isle','New Raymond, AL 55316'),(603449840,'Elizabeth Rodriguez','(677)161-5260x6354','kathyrodriguez@thompson.biz','3551 Rodriguez Port Apt. 808','Lake Charles, WI 24322'),(622536043,'Kim Stephens','(092)586-3570x54204','karen28@johnson.com','12967 Ryan Shoals Apt. 994','Port Jesse, MO 86007'),(623072602,'Carlos Wood','440-516-4972x0722','hillwilliam@hotmail.com','53828 Laura Spurs','Lauraville, DE 53316'),(625774276,'Ralph Bush','+1-866-778-9252x6524','bradleyamy@doyle.com','03975 Mills Square Apt. 322','Port Claudia, MI 34792'),(626043010,'Christopher Edwards','(204)535-1285x920','pmcclain@castro-humphrey.com','32230 Jeffery Via Apt. 616','West Tanya, WA 77567'),(636808209,'Timothy Wood','001-948-037-6474','christina78@yahoo.com','836 Bates Points','Port Andrewshire, GA 83721'),(643387222,'Ryan Richards','001-398-345-1521x215','phillipcarter@hotmail.com','695 Francis Cliffs','Port Bryantown, VT 33873'),(644042817,'Linda Shepard','2931087130','munozcharles@yahoo.com','4947 Reynolds Islands','Kathleenburgh, DE 96988'),(667230218,'Donald Young','929-112-6985x483','stanleyhall@hotmail.com','223 Dawson Mall Suite 571','Smithburgh, MS 75952'),(689720635,'Kathleen Brady','2253893664','victoria31@gmail.com','Unit 6453 Box 5308','DPO AA 48049'),(696739719,'Sarah Clark','853.981.8171','wsanchez@christian.com','04967 Nguyen Circle Suite 871','Lake Andrea, NY 87021'),(696962875,'Miss Carrie Underwood','0792914312','amy45@hotmail.com','USNV Morris','FPO AA 49085'),(708283326,'Jonathan Cook','0756633727','zjones@yahoo.com','657 Landry Way Suite 966','Robinsonfurt, CA 22461'),(708960117,'Shannon Horn','(297)388-2854','brian88@pitts-bush.com','USNS Buchanan','FPO AA 82885'),(717643055,'Cynthia Lee','+1-822-188-2029x6929','christinaflores@jones.org','368 Jones Estates Apt. 059','Jonesstad, NY 59968'),(724330039,'Meghan Nguyen','767.278.8207','hhughes@randolph-ingram.com','259 Jared Manor','Brownville, AZ 52844'),(724488250,'Brett Odom','550.725.0901','colemanjames@chavez.info','952 Barbara Turnpike','Jacquelinebury, MO 71346'),(729577216,'Richard Weiss','521-212-3209x2220','carla37@gmail.com','316 Robert Dam','North Christina, MA 15552'),(747822485,'Adam Mckinney','813.559.4153x962','fwilliams@lewis-wu.org','572 Tammy Forest','Youngside, SD 92567'),(763963140,'Miguel Sharp MD','001-600-899-5324','sgeorge@ramos-acevedo.net','47921 Johnson Expressway Suite 742','Oliviaport, PA 16931'),(778029406,'Christine Curtis','554.861.0493x592','christopherferguson@acevedo-robertson.info','2480 Jesse Unions Suite 534','East Antonioshire, MS 71510'),(779362405,'John Price','546-202-9331x88558','daniel62@powell.com','PSC 5622, Box 3709','APO AA 38900'),(785949232,'Raven Jordan','001-870-036-3211','rayalexa@yahoo.com','6132 Spencer Corner Apt. 383','Lake Loriberg, MA 96874'),(796337665,'Mr. Justin Cook','737.675.5823','ofritz@richards.com','Unit 9907 Box 4757','DPO AE 46640'),(800125157,'Bobby Luna','001-549-919-1859','kathryn43@hotmail.com','2923 Michael Fords Suite 316','Dustinton, IN 31032'),(819212515,'Erin Marshall','793.145.6997x893','sethsmith@robinson.com','04382 Edward Mountains Suite 369','Georgeberg, ME 94518'),(830210363,'Tony Pham','001-094-782-5703','kendrapena@yahoo.com','Unit 3715 Box 5620','DPO AA 18266'),(843106189,'Brian Morton','+1-352-961-6835x0739','garnold@bender-caldwell.com','431 Rodriguez Estate Suite 894','New Christopherview, TN 74616'),(857630459,'Valerie Brown','869.591.7228','qmcgee@gmail.com','2739 Hood Rest Apt. 962','Johnburgh, UT 27169'),(861461933,'Sharon Ingram','270.214.8473x8548','seanbishop@yahoo.com','132 Vargas Turnpike','Danielbury, DE 40715'),(867865303,'Jerry Greene','(703)649-5080x4789','jay56@white-wiggins.com','60823 Lauren Wall Apt. 074','New Kellyside, MI 21097'),(892962448,'Jason Luna','600.123.2569x570','rodriguezrhonda@yahoo.com','204 Laura Hill','Craigland, OK 08760'),(893866597,'Joshua Neal','001-256-341-5493x0374','wheelerbrandon@hotmail.com','1324 William Glens','New Jenniferland, IL 16679'),(896950954,'Ryan Russell','001-266-212-7928x22281','michael78@walters.com','70003 Tiffany Drives','Robertchester, IA 05998'),(915064128,'Blake Ford','276-740-5323x764','wrightsally@hotmail.com','933 Casey Court Apt. 193','Lake Douglas, AL 33325'),(917844640,'Christopher Gomez','001-066-886-7181x1777','marcus34@hotmail.com','875 Jennifer Oval Suite 067','West Phillipmouth, IL 91337'),(959234562,'Lindsay Garcia','001-158-358-0277','juliamatthews@carpenter.com','906 Justin Locks Apt. 838','Port Timothyview, AR 68865'),(962795476,'Shelby Wolf','7506854443','daniel46@gmail.com','613 Billy Radial Suite 171','South Benjamin, WY 15230'),(965030358,'Kyle Jackson','001-392-237-6541x8420','pwheeler@yahoo.com','24896 Helen Rapid Suite 758','New Joseph, MN 97017'),(969677194,'Michael Holt','882-041-3572','rmiller@hubbard-benitez.com','3499 David Lake Suite 745','South Dylan, AK 03041'),(975617669,'Yolanda Hines','(659)333-4905','cscott@hotmail.com','812 Mccarthy Viaduct Apt. 376','Kristinamouth, AL 43563');
/*!40000 ALTER TABLE `clients` ENABLE KEYS */;
UNLOCK TABLES;

--
-- Table structure for table `transactions`
--

DROP TABLE IF EXISTS `transactions`;
/*!40101 SET @saved_cs_client     = @@character_set_client */;
/*!50503 SET character_set_client = utf8mb4 */;
CREATE TABLE `transactions` (
  `id` varchar(10) NOT NULL,
  `transaction_timestamp` timestamp NULL DEFAULT CURRENT_TIMESTAMP,
  `transaction_amount` decimal(10,2) NOT NULL,
  `transaction_state` enum('Completed','Failed','Pending') DEFAULT NULL,
  `transaction_type` varchar(100) DEFAULT NULL,
  `client_id` int DEFAULT NULL,
  `payment_platform` enum('Nequi','Daviplata') DEFAULT NULL,
  `paid_amount` decimal(10,2) NOT NULL,
  PRIMARY KEY (`id`),
  KEY `client_id` (`client_id`),
  CONSTRAINT `transactions_ibfk_1` FOREIGN KEY (`client_id`) REFERENCES `clients` (`identification_number`) ON DELETE SET NULL ON UPDATE CASCADE
) ENGINE=InnoDB DEFAULT CHARSET=utf8mb4 COLLATE=utf8mb4_0900_ai_ci;
/*!40101 SET character_set_client = @saved_cs_client */;

--
-- Dumping data for table `transactions`
--

LOCK TABLES `transactions` WRITE;
/*!40000 ALTER TABLE `transactions` DISABLE KEYS */;
INSERT INTO `transactions` VALUES ('TXN001','2024-06-01 15:00:00',38940.00,'Pending','Pago de Factura',149186547,'Nequi',0.00),('TXN002','2024-07-09 17:00:00',75145.00,'Pending','Pago de Factura',475925688,'Daviplata',75145.00),('TXN003','2024-06-13 15:00:00',179217.00,'Failed','Pago de Factura',112231541,'Daviplata',179217.00),('TXN004','2024-07-26 18:00:00',51767.00,'Failed','Pago de Factura',708283326,'Daviplata',51767.00),('TXN005','2024-07-28 11:00:00',156501.00,'Completed','Pago de Factura',959234562,'Daviplata',156501.00),('TXN006','2024-07-17 02:00:00',32428.00,'Completed','Pago de Factura',243553915,'Nequi',32428.00),('TXN007','2024-07-27 03:00:00',75301.00,'Pending','Pago de Factura',7005498,'Daviplata',0.00),('TXN008','2024-06-17 21:00:00',16870.00,'Pending','Pago de Factura',724330039,'Nequi',16870.00),('TXN009','2024-07-11 04:00:00',21794.00,'Failed','Pago de Factura',643387222,'Nequi',21794.00),('TXN010','2024-06-20 04:00:00',193307.00,'Completed','Pago de Factura',215716832,'Daviplata',0.00),('TXN011','2024-06-01 11:00:00',159093.00,'Completed','Pago de Factura',92651576,'Daviplata',0.00),('TXN012','2024-07-13 00:00:00',174518.00,'Pending','Pago de Factura',724488250,'Nequi',0.00),('TXN013','2024-07-04 17:00:00',110254.00,'Failed','Pago de Factura',265881315,'Daviplata',0.00),('TXN014','2024-07-12 09:00:00',162283.00,'Pending','Pago de Factura',401149568,'Nequi',0.00),('TXN015','2024-06-21 17:00:00',22161.00,'Pending','Pago de Factura',778029406,'Daviplata',22161.00),('TXN016','2024-07-08 17:00:00',195775.00,'Pending','Pago de Factura',307805784,'Daviplata',195775.00),('TXN017','2024-06-27 08:00:00',20824.00,'Failed','Pago de Factura',484837788,'Nequi',20824.00),('TXN018','2024-07-09 10:00:00',191134.00,'Completed','Pago de Factura',962795476,'Nequi',0.00),('TXN019','2024-06-17 01:00:00',62979.00,'Completed','Pago de Factura',965030358,'Daviplata',0.00),('TXN020','2024-06-09 03:00:00',36472.00,'Failed','Pago de Factura',644042817,'Daviplata',0.00),('TXN021','2024-06-16 11:00:00',127881.00,'Completed','Pago de Factura',689720635,'Nequi',127881.00),('TXN022','2024-07-30 08:00:00',26317.00,'Failed','Pago de Factura',800125157,'Daviplata',0.00),('TXN023','2024-07-27 06:00:00',147364.00,'Pending','Pago de Factura',268619593,'Nequi',147364.00),('TXN024','2024-06-26 06:00:00',153404.00,'Pending','Pago de Factura',625774276,'Daviplata',153404.00),('TXN025','2024-07-07 15:00:00',14210.00,'Completed','Pago de Factura',569906245,'Nequi',0.00),('TXN026','2024-06-09 00:00:00',49012.00,'Completed','Pago de Factura',328037408,'Daviplata',49012.00),('TXN027','2024-06-28 11:00:00',40302.00,'Failed','Pago de Factura',969677194,'Daviplata',40302.00),('TXN028','2024-07-03 06:00:00',27833.00,'Pending','Pago de Factura',796337665,'Daviplata',27833.00),('TXN029','2024-07-29 07:00:00',30313.00,'Failed','Pago de Factura',636808209,'Nequi',0.00),('TXN030','2024-07-27 01:00:00',134884.00,'Failed','Pago de Factura',975617669,'Daviplata',134884.00),('TXN031','2024-07-03 15:00:00',28982.00,'Completed','Pago de Factura',569390187,'Nequi',28982.00),('TXN032','2024-06-15 22:00:00',158030.00,'Pending','Pago de Factura',325459789,'Nequi',158030.00),('TXN033','2024-06-24 13:00:00',196009.00,'Failed','Pago de Factura',325603096,'Daviplata',196009.00),('TXN034','2024-06-22 22:00:00',68526.00,'Pending','Pago de Factura',819212515,'Daviplata',68526.00),('TXN035','2024-06-23 17:00:00',165287.00,'Completed','Pago de Factura',444056964,'Nequi',0.00),('TXN036','2024-06-28 16:00:00',178265.00,'Failed','Pago de Factura',717643055,'Nequi',178265.00),('TXN037','2024-07-23 23:00:00',98069.00,'Completed','Pago de Factura',30122773,'Nequi',98069.00),('TXN038','2024-07-28 05:00:00',153150.00,'Completed','Pago de Factura',622536043,'Nequi',153150.00),('TXN039','2024-06-05 17:00:00',86902.00,'Pending','Pago de Factura',747822485,'Daviplata',0.00),('TXN040','2024-06-28 09:00:00',96457.00,'Pending','Pago de Factura',857630459,'Nequi',96457.00),('TXN041','2024-06-08 01:00:00',145586.00,'Failed','Pago de Factura',204909440,'Daviplata',0.00),('TXN042','2024-07-16 00:00:00',163425.00,'Failed','Pago de Factura',241114561,'Nequi',163425.00),('TXN043','2024-07-26 07:00:00',186218.00,'Pending','Pago de Factura',494808313,'Nequi',186218.00),('TXN044','2024-07-12 06:00:00',159000.00,'Failed','Pago de Factura',315164793,'Daviplata',159000.00),('TXN045','2024-07-22 02:00:00',94554.00,'Pending','Pago de Factura',505327194,'Daviplata',94554.00),('TXN046','2024-07-26 16:00:00',152659.00,'Failed','Pago de Factura',892962448,'Daviplata',0.00),('TXN047','2024-06-05 22:00:00',165021.00,'Pending','Pago de Factura',394523505,'Daviplata',0.00),('TXN048','2024-06-10 15:00:00',115066.00,'Completed','Pago de Factura',763963140,'Daviplata',0.00),('TXN049','2024-06-04 01:00:00',161029.00,'Completed','Pago de Factura',594590875,'Daviplata',0.00),('TXN050','2024-07-29 08:00:00',167924.00,'Completed','Pago de Factura',25832528,'Nequi',167924.00),('TXN051','2024-07-25 00:00:00',147991.00,'Pending','Pago de Factura',97866586,'Daviplata',0.00),('TXN052','2024-07-26 16:00:00',124048.00,'Completed','Pago de Factura',79987146,'Nequi',124048.00),('TXN053','2024-07-14 04:00:00',138162.00,'Completed','Pago de Factura',520620439,'Nequi',0.00),('TXN054','2024-06-28 05:00:00',161137.00,'Failed','Pago de Factura',260613460,'Nequi',161137.00),('TXN055','2024-06-17 08:00:00',35669.00,'Failed','Pago de Factura',511962082,'Daviplata',0.00),('TXN056','2024-07-06 12:00:00',67867.00,'Failed','Pago de Factura',527088924,'Nequi',0.00),('TXN057','2024-07-26 01:00:00',58242.00,'Failed','Pago de Factura',181982363,'Nequi',0.00),('TXN058','2024-06-10 01:00:00',113319.00,'Pending','Pago de Factura',87147005,'Nequi',113319.00),('TXN059','2024-07-12 04:00:00',37708.00,'Completed','Pago de Factura',623072602,'Daviplata',37708.00),('TXN060','2024-07-20 21:00:00',54969.00,'Pending','Pago de Factura',729577216,'Nequi',0.00),('TXN061','2024-07-09 04:00:00',51411.00,'Completed','Pago de Factura',696739719,'Daviplata',0.00),('TXN062','2024-07-17 10:00:00',45233.00,'Completed','Pago de Factura',520971718,'Nequi',45233.00),('TXN063','2024-06-10 06:00:00',99926.00,'Failed','Pago de Factura',785949232,'Nequi',0.00),('TXN064','2024-06-20 17:00:00',31572.00,'Completed','Pago de Factura',519768710,'Nequi',31572.00),('TXN065','2024-06-14 08:00:00',123720.00,'Pending','Pago de Factura',64271785,'Nequi',0.00),('TXN066','2024-07-29 19:00:00',17171.00,'Failed','Pago de Factura',357901640,'Daviplata',0.00),('TXN067','2024-07-23 14:00:00',56259.00,'Failed','Pago de Factura',830210363,'Daviplata',0.00),('TXN068','2024-06-21 03:00:00',196548.00,'Failed','Pago de Factura',696962875,'Daviplata',0.00),('TXN069','2024-06-20 23:00:00',93635.00,'Completed','Pago de Factura',896950954,'Daviplata',0.00),('TXN070','2024-07-16 02:00:00',58585.00,'Completed','Pago de Factura',196811583,'Daviplata',58585.00),('TXN071','2024-06-06 23:00:00',86244.00,'Completed','Pago de Factura',893866597,'Daviplata',0.00),('TXN072','2024-07-19 01:00:00',55572.00,'Failed','Pago de Factura',291010345,'Nequi',0.00),('TXN073','2024-06-21 11:00:00',50713.00,'Failed','Pago de Factura',915064128,'Nequi',50713.00),('TXN074','2024-06-29 23:00:00',129480.00,'Completed','Pago de Factura',11426912,'Nequi',129480.00),('TXN075','2024-07-04 01:00:00',41657.00,'Completed','Pago de Factura',174039328,'Daviplata',41657.00),('TXN076','2024-06-15 16:00:00',126084.00,'Completed','Pago de Factura',565067343,'Daviplata',0.00),('TXN077','2024-06-04 12:00:00',190936.00,'Failed','Pago de Factura',333387701,'Nequi',0.00),('TXN078','2024-06-22 02:00:00',78561.00,'Failed','Pago de Factura',355405632,'Nequi',78561.00),('TXN079','2024-07-23 16:00:00',162844.00,'Completed','Pago de Factura',71585472,'Nequi',162844.00),('TXN080','2024-06-29 20:00:00',80235.00,'Failed','Pago de Factura',708960117,'Nequi',0.00),('TXN081','2024-06-18 05:00:00',158138.00,'Pending','Pago de Factura',626043010,'Daviplata',0.00),('TXN082','2024-06-06 20:00:00',101593.00,'Pending','Pago de Factura',326481119,'Daviplata',101593.00),('TXN083','2024-06-22 08:00:00',103741.00,'Pending','Pago de Factura',599800533,'Daviplata',103741.00),('TXN084','2024-07-04 07:00:00',41300.00,'Pending','Pago de Factura',492953650,'Daviplata',0.00),('TXN085','2024-06-19 16:00:00',89956.00,'Completed','Pago de Factura',573712035,'Daviplata',0.00),('TXN086','2024-07-13 10:00:00',165402.00,'Completed','Pago de Factura',56103750,'Nequi',165402.00),('TXN087','2024-07-04 14:00:00',106689.00,'Pending','Pago de Factura',867865303,'Nequi',106689.00),('TXN088','2024-06-14 16:00:00',22411.00,'Completed','Pago de Factura',355813998,'Nequi',22411.00),('TXN089','2024-06-27 10:00:00',11359.00,'Pending','Pago de Factura',118434130,'Daviplata',11359.00),('TXN090','2024-06-08 15:00:00',79808.00,'Pending','Pago de Factura',779362405,'Nequi',0.00),('TXN091','2024-07-06 02:00:00',42648.00,'Pending','Pago de Factura',499561637,'Nequi',42648.00),('TXN092','2024-06-03 10:00:00',101468.00,'Pending','Pago de Factura',179287266,'Daviplata',0.00),('TXN093','2024-06-21 22:00:00',115488.00,'Pending','Pago de Factura',667230218,'Daviplata',0.00),('TXN094','2024-07-26 05:00:00',61920.00,'Completed','Pago de Factura',311310607,'Daviplata',0.00),('TXN095','2024-07-24 01:00:00',141510.00,'Failed','Pago de Factura',319413369,'Nequi',141510.00),('TXN096','2024-07-09 00:00:00',39792.00,'Pending','Pago de Factura',861461933,'Daviplata',39792.00),('TXN097','2024-07-09 10:00:00',87689.00,'Completed','Pago de Factura',61660425,'Daviplata',0.00),('TXN098','2024-07-06 05:00:00',178739.00,'Failed','Pago de Factura',603449840,'Nequi',0.00),('TXN099','2024-07-27 15:00:00',105611.00,'Failed','Pago de Factura',917844640,'Daviplata',0.00),('TXN100','2024-07-11 12:00:00',141787.00,'Failed','Pago de Factura',843106189,'Daviplata',141787.00),('TXN101','2025-08-12 15:55:48',20000.00,'Completed','Pago de Factura',149186547,'Nequi',20000.00);
/*!40000 ALTER TABLE `transactions` ENABLE KEYS */;
UNLOCK TABLES;

--
-- Table structure for table `transactions_bills`
--

DROP TABLE IF EXISTS `transactions_bills`;
/*!40101 SET @saved_cs_client     = @@character_set_client */;
/*!50503 SET character_set_client = utf8mb4 */;
CREATE TABLE `transactions_bills` (
  `transaction_id` varchar(10) NOT NULL,
  `bill_number` varchar(10) NOT NULL,
  PRIMARY KEY (`transaction_id`,`bill_number`),
  KEY `bill_number` (`bill_number`),
  CONSTRAINT `transactions_bills_ibfk_1` FOREIGN KEY (`transaction_id`) REFERENCES `transactions` (`id`) ON DELETE CASCADE ON UPDATE CASCADE,
  CONSTRAINT `transactions_bills_ibfk_2` FOREIGN KEY (`bill_number`) REFERENCES `bills` (`bill_number`) ON DELETE CASCADE ON UPDATE CASCADE
) ENGINE=InnoDB DEFAULT CHARSET=utf8mb4 COLLATE=utf8mb4_0900_ai_ci;
/*!40101 SET character_set_client = @saved_cs_client */;

--
-- Dumping data for table `transactions_bills`
--

LOCK TABLES `transactions_bills` WRITE;
/*!40000 ALTER TABLE `transactions_bills` DISABLE KEYS */;
INSERT INTO `transactions_bills` VALUES ('TXN027','FAC1190'),('TXN040','FAC1208'),('TXN024','FAC1309'),('TXN011','FAC1328'),('TXN047','FAC1330'),('TXN029','FAC1462'),('TXN083','FAC1490'),('TXN096','FAC1513'),('TXN008','FAC1691'),('TXN091','FAC1760'),('TXN062','FAC1856'),('TXN087','FAC1904'),('TXN093','FAC1926'),('TXN068','FAC2139'),('TXN043','FAC2187'),('TXN006','FAC2190'),('TXN074','FAC2238'),('TXN059','FAC2382'),('TXN046','FAC2512'),('TXN067','FAC2909'),('TXN097','FAC3039'),('TXN058','FAC3104'),('TXN092','FAC3395'),('TXN061','FAC3529'),('TXN014','FAC3589'),('TXN072','FAC3660'),('TXN098','FAC3709'),('TXN080','FAC3888'),('TXN099','FAC3914'),('TXN033','FAC4082'),('TXN028','FAC4264'),('TXN038','FAC4305'),('TXN052','FAC4348'),('TXN019','FAC4380'),('TXN013','FAC4679'),('TXN009','FAC4680'),('TXN016','FAC4870'),('TXN085','FAC4962'),('TXN020','FAC5128'),('TXN054','FAC5210'),('TXN017','FAC5322'),('TXN090','FAC5390'),('TXN084','FAC5439'),('TXN041','FAC5492'),('TXN082','FAC5649'),('TXN063','FAC5678'),('TXN003','FAC5707'),('TXN034','FAC5756'),('TXN060','FAC6022'),('TXN015','FAC6122'),('TXN007','FAC6207'),('TXN036','FAC6223'),('TXN030','FAC6381'),('TXN002','FAC6577'),('TXN042','FAC6585'),('TXN095','FAC6693'),('TXN075','FAC6979'),('TXN032','FAC7018'),('TXN001','FAC7068'),('TXN081','FAC7110'),('TXN004','FAC7188'),('TXN005','FAC7289'),('TXN057','FAC7378'),('TXN064','FAC7474'),('TXN071','FAC7475'),('TXN088','FAC7503'),('TXN094','FAC7521'),('TXN022','FAC7543'),('TXN044','FAC7545'),('TXN089','FAC7561'),('TXN066','FAC7570'),('TXN056','FAC7850'),('TXN050','FAC7938'),('TXN023','FAC7964'),('TXN021','FAC7986'),('TXN010','FAC8010'),('TXN025','FAC8025'),('TXN055','FAC8033'),('TXN070','FAC8107'),('TXN012','FAC8140'),('TXN037','FAC8510'),('TXN031','FAC8571'),('TXN051','FAC8649'),('TXN018','FAC8663'),('TXN076','FAC8740'),('TXN069','FAC8752'),('TXN086','FAC8801'),('TXN100','FAC8875'),('TXN026','FAC8943'),('TXN079','FAC9210'),('TXN035','FAC9278'),('TXN048','FAC9310'),('TXN039','FAC9358'),('TXN049','FAC9524'),('TXN073','FAC9573'),('TXN078','FAC9634'),('TXN045','FAC9699'),('TXN077','FAC9872'),('TXN053','FAC9905');
/*!40000 ALTER TABLE `transactions_bills` ENABLE KEYS */;
UNLOCK TABLES;
/*!40103 SET TIME_ZONE=@OLD_TIME_ZONE */;

/*!40101 SET SQL_MODE=@OLD_SQL_MODE */;
/*!40014 SET FOREIGN_KEY_CHECKS=@OLD_FOREIGN_KEY_CHECKS */;
/*!40014 SET UNIQUE_CHECKS=@OLD_UNIQUE_CHECKS */;
/*!40101 SET CHARACTER_SET_CLIENT=@OLD_CHARACTER_SET_CLIENT */;
/*!40101 SET CHARACTER_SET_RESULTS=@OLD_CHARACTER_SET_RESULTS */;
/*!40101 SET COLLATION_CONNECTION=@OLD_COLLATION_CONNECTION */;
/*!40111 SET SQL_NOTES=@OLD_SQL_NOTES */;

-- Dump completed on 2025-08-12 13:41:29
