transaction_id,bill_number
TXN001,FAC7068
TXN002,FAC6577
TXN003,FAC5707
TXN004,FAC7188
TXN005,FAC7289
TXN006,FAC2190
TXN007,FAC6207
TXN008,FAC1691
TXN009,FAC4680
TXN010,FAC8010
TXN011,FAC1328
TXN012,FAC8140
TXN013,FAC4679
TXN014,FAC3589
TXN015,FAC6122
TXN016,FAC4870
TXN017,FAC5322
TXN018,FAC8663
TXN019,FAC4380
TXN020,FAC5128
TXN021,FAC7986
TXN022,FAC7543
TXN023,FAC7964
TXN024,FAC1309
TXN025,FAC8025
TXN026,FAC8943
TXN027,FAC1190
TXN028,FAC4264
TXN029,FAC1462
TXN030,FAC6381
TXN031,FAC8571
TXN032,FAC7018
TXN033,FAC4082
TXN034,FAC5756
TXN035,FAC9278
TXN036,FAC6223
TXN037,FAC8510
TXN038,FAC4305
TXN039,FAC9358
TXN040,FAC1208
TXN041,FAC5492
TXN042,FAC6585
TXN043,FAC2187
TXN044,FAC7545
TXN045,FAC9699
TXN046,FAC2512
TXN047,FAC1330
TXN048,FAC9310
TXN049,FAC9524
TXN050,FAC7938
TXN051,FAC8649
TXN052,FAC4348
TXN053,FAC9905
TXN054,FAC5210
TXN055,FAC8033
TXN056,FAC7850
TXN057,FAC7378
TXN058,FAC3104
TXN059,FAC2382
TXN060,FAC6022
TXN061,FAC3529
TXN062,FAC1856
TXN063,FAC5678
TXN064,FAC7474
TXN065,FAC9956
TXN066,FAC7570
TXN067,FAC2909
TXN068,FAC2139
TXN069,FAC8752
TXN070,FAC8107
TXN071,FAC7475
TXN072,FAC3660
TXN073,FAC9573
TXN074,FAC2238
TXN075,FAC6979
TXN076,FAC8740
TXN077,FAC9872
TXN078,FAC9634
TXN079,FAC9210
TXN080,FAC3888
TXN081,FAC7110
TXN082,FAC5649
TXN083,FAC1490
TXN084,FAC5439
TXN085,FAC4962
TXN086,FAC8801
TXN087,FAC1904
TXN088,FAC7503
TXN089,FAC7561
TXN090,FAC5390
TXN091,FAC1760
TXN092,FAC3395
TXN093,FAC1926
TXN094,FAC7521
TXN095,FAC6693
TXN096,FAC1513
TXN097,FAC3039
TXN098,FAC3709
TXN099,FAC3914
TXN100,FAC8875
